threads,speedup,efficiency,time_seq,time_par
1,0.9529,0.9529,170.827382,179.273139
2,1.8160,0.9080,170.827382,94.068631
3,2.7625,0.9208,170.827382,61.837152
4,3.4063,0.8516,170.827382,50.149837
5,4.1899,0.8380,170.827382,40.771344
6,4.5196,0.7533,170.827382,37.797132
7,2.9891,0.4270,170.827382,57.149538
8,3.3152,0.4144,170.827382,51.528535
9,3.4042,0.3782,170.827382,50.181538
10,3.3158,0.3316,170.827382,51.518917
11,3.3674,0.3061,170.827382,50.729891
12,3.3952,0.2829,170.827382,50.315073
